id,name,field,place_type,date,gm_area,natural_history_relevance,connected_people,connected_organisations,research_status,priority,workshop_question,links,source_url
PL-NH-001,Kersal Moor,nat,Collecting landscape,1820s onward,Salford,Site of Buxton and Horsefield's meeting and the Manchester moth discovery.,Richard Buxton; John Horsefield; Robert Cribb; R. Wood,Prestwich botanical network; entomological network,Researched addition,Essential,"What habitats existed, who had access and how did specimens move from the moor?",8,https://historicengland.org.uk/listing/the-list/list-entry/1406283
PL-NH-002,Mere Clough,nat,Clough / field site,19th century,Prestwich,Important botanical field site associated with John Horsefield and local rare plants.,John Horsefield; Leo H. Grindon,Prestwich Botanical Society,Researched addition,High,Which plants were recorded and how did industrial change alter the clough?,3,https://www.gutenberg.org/cache/epub/47578/pg47578-images.html
PL-NH-003,Agecroft and the Irwell Valley,nat,River valley / field site,19th century,Salford / Prestwich,Collecting and walking landscape used to remember artisan naturalists and local geological change.,Leo H. Grindon; artisan botanists,Manchester Field-Naturalists' Society,Researched addition,High,"Map routes, habitats, transport access and later urban transformation.",3,https://www.gutenberg.org/cache/epub/47578/pg47578-images.html
PL-NH-004,Besses o' th' Barn / Whitefield,nat,Home and working landscape,Early-mid 19th century,Bury,Horsefield's home and weaving base; close to the Prestwich botanical network.,John Horsefield; Tom Bleackley,Prestwich Botanical Society,Researched addition,Essential,"Locate home and workshop, and distinguish Whitefield from Prestwich meeting places.",3,https://historicengland.org.uk/listing/the-list/list-entry/1406283
PL-NH-005,Golden Lion,nat,Pub / meeting place,19th century,Greater Manchester - exact site verify,Remembered by Grindon as a site of vigorous botanical discussion.,Regional artisan botanists,Regional botanical meetings,Workshop candidate - verify,Essential,"Which Golden Lion, when did meetings occur and what evidence survives?",1,https://www.gutenberg.org/cache/epub/47578/pg47578-images.html
PL-NH-006,Prestwich,nat,Township / network centre,19th century,Bury,Institutional and landscape centre of working-class botanical organisation.,John Horsefield; George Hulme; Richard Buxton,Prestwich Botanical Society,Researched addition,Essential,"Map pubs, homes, gardens, churchyard and collecting paths.",7,https://historicengland.org.uk/listing/the-list/list-entry/1406283
PL-NH-007,Chat Moss,nat,Mossland / collecting landscape,19th century,Salford / Wigan,"Major mossland around Manchester, both a natural-history site and a landscape transformed by infrastructure and agriculture.",Leo H. Grindon and field naturalists,Manchester Field-Naturalists' Society,Researched addition,High,"Connect species records with drainage, railway and agricultural transformation.",2,https://www.gutenberg.org/cache/epub/47578/pg47578-images.html
PL-NH-008,Carrington Moss,nat,Mossland / collecting landscape,19th century,Trafford,One of the extensive mosses identified by Grindon around Manchester.,Leo H. Grindon and field naturalists,Manchester Field-Naturalists' Society,Researched addition,High,Record collecting visits and industrial or agricultural change.,2,https://www.gutenberg.org/cache/epub/47578/pg47578-images.html
PL-NH-009,Ashton Moss,nat,Mossland / collecting landscape,19th century,Tameside,Former mossland increasingly brought under cultivation during the Victorian period.,Ashton naturalists,Regional botanical societies,Researched addition,High,Use as a case of habitat loss witnessed through botanical records.,1,https://www.gutenberg.org/cache/epub/47578/pg47578-images.html
PL-NH-010,White Moss,nat,Mossland / collecting landscape,19th century,Greater Manchester - exact extent verify,Former mossland noted as increasingly cultivated by the mid-19th century.,Regional naturalists,Regional botanical societies,Workshop candidate - verify,Investigate,Confirm location and avoid confusion with similarly named sites.,1,https://www.gutenberg.org/cache/epub/47578/pg47578-images.html
PL-NH-011,Barton Moss and Botany Bay Wood,nat,Mossland / woodland,19th century,Salford,"Natural-history walking landscape shaped by drainage, planting and the railway.",Leo H. Grindon and field naturalists,Manchester Field-Naturalists' Society,Researched addition,High,Explore access permissions and the relation between managed and wild nature.,2,https://www.gutenberg.org/cache/epub/47578/pg47578-images.html
PL-NH-012,Cotterill Clough,nat,Clough / collecting site,19th century,Cheshire / Manchester hinterland,Celebrated collecting place for unusual plants within Manchester naturalists' excursion geography.,Manchester botanists,Manchester Field-Naturalists' Society,Researched addition,High,Decide the geographical inclusion rule for Manchester's wider collecting hinterland.,2,https://www.gutenberg.org/cache/epub/47578/pg47578-images.html
PL-NH-013,Peter Street Natural History Museum,nat,Museum building,Opened 1835,Manchester,First major public home of the Natural History Society's collections.,John Leigh Philips; society donors and officers,Manchester Natural History Society,Researched addition,Essential,"Add building, governance, audiences and collection arrangement.",5,https://www.manchester.ac.uk/about/history-heritage/history/buildings/museum/
PL-NH-014,Peel Park Museum,nat,Museum,Mid-19th century,Salford,A neighbouring municipal museum context referenced in Grindon's regional natural-history writing.,Leo H. Grindon and Salford collectors,Salford Museum and Art Gallery,Workshop candidate - verify,High,Clarify collections and relationships with Manchester institutions.,2,https://www.gutenberg.org/cache/epub/47578/pg47578-images.html
PL-NH-015,"Manchester Museum, Oxford Road",nat,Museum / university,Public opening 1888,Manchester,"Institutional destination for society, private and artisan natural-history collections.",Leo H. Grindon; Joseph Sidebotham; Charles Bailey; Cosmo Melvill; Lydia Becker,Owens College / Manchester Museum natural-history structures,Researched addition,Essential,Record separate accession dates and whose names disappeared during cataloguing.,8,https://www.manchester.ac.uk/about/history-heritage/history/buildings/museum/
PL-NH-016,Manchester Museum Herbarium,nat,Collection space,19th-20th century,Manchester,"Destination for major personal herbaria and smaller collections, including incompletely identified women collectors.",Leo H. Grindon; Charles Bailey; Cosmo Melvill; Lydia Becker; Benjamin Carrington; Mrs Hopkins; Mrs P. Jaffrey,Manchester Museum,Researched addition,Essential,Treat collection destination as a node distinct from the museum building.,9,https://herbologymanchester.wordpress.com/wp-content/uploads/2017/10/herb_manch-contents-guide.pdf
PL-NH-017,Pomona Gardens,nat,Commercial garden / leisure site,1845 onward,Manchester / Trafford,"Opened as Strawberry Gardens by William and Joseph Beardsley; connects horticulture, leisure and urban development.",William and Joseph Beardsley,,Existing - enriched,High,"Investigate plants, exhibitions, ownership and transformation from gardens to docks.",1,https://mousehouselife.wordpress.com/2023/10/25/escape-to-pomona-island/
PL-NH-018,Chorlton-on-Medlock,nat,Residential / educational district,19th century,Manchester,"Home area of Grindon and location of medical, educational and museum institutions.",Leo H. Grindon,Manchester Royal School of Medicine; Owens College / Manchester Museum natural-history structures; Manchester Field-Naturalists' Society,Existing - enriched,High,"Map home, lecture sites and institutional proximity.",5,https://en.wikipedia.org/wiki/Chorlton-on-Medlock
PL-NH-019,Shudehill workshop,nat,Workplace / informal science site,Early 19th century,Manchester,Example of natural history practised alongside manual work rather than in a formal institution.,George Crozier,Manchester Society of Botanists / informal botanist network,Workshop candidate - verify,High,"Locate the workshop and identify trade, specimens and visitors.",2,https://www.gutenberg.org/cache/epub/47578/pg47578-images.html
PL-NH-020,Manchester Mechanics' Institute,nat,Educational building,Founded 1824,Manchester,Adult self-education and lectures connecting artisan learning to institutional science.,John Horsefield; Leo H. Grindon,Manchester Mechanics' Institute,Existing - enriched,High,"Find attendance, lecture and membership evidence.",3,https://historicengland.org.uk/listing/the-list/list-entry/1406283
PL-NH-021,Manchester Royal School of Medicine,nat,Educational institution,19th century,Manchester,Grindon lectured in botany here from 1852 until absorption into Owens College.,Leo H. Grindon,,Researched addition,High,"Add precise address, dates and student or audience profile.",2,https://lib-archives.ex.ac.uk/Record.aspx?id=EUL+MS+277&src=CalmView.Catalog
PL-NH-022,River Irwell,nat,River / environmental system,19th century,Manchester / Salford,"Connects industrial pollution, urban growth, river valleys and naturalists' observations.",Manchester field naturalists,,Existing - enriched,High,"Use as an environmental relationship, not only an infrastructure boundary.",1,https://en.wikipedia.org/wiki/River_Irwell
PL-BASE-001,St. Ann's Church & Square,civic,,1712,Manchester,Public protest; religion. Site of political gatherings and reformist speeches.,Mary Fildes,,Existing workbook,Context,,1,https://www.stannsmanchester.com/
PL-BASE-002,Manchester Royal Infirmary,civic,,1752,Manchester,Founded by Charles White; began with 12 beds in a small house.,,,Existing workbook,Context,,0,https://en.wikipedia.org/wiki/Manchester_Royal_Infirmary
PL-BASE-003,Bridgewater Canal,trade,,1761,Manchester,First true industrial canal; transported coal from Worsley to Manchester.,,,Existing workbook,Context,,0,https://www.historic-uk.com/HistoryMagazine/DestinationsUK/The-Bridgewater-Canal/
PL-BASE-004,Castlefield Basin,trade,,1761,Manchester,Terminus of the Bridgewater Canal; central to Manchester's canal network.,,,Existing workbook,Context,,0,https://en.wikipedia.org/wiki/Castlefield
PL-BASE-005,Rochdale Canal,trade,,1804,Manchester,Connected Manchester to Sowerby Bridge; integral to the canal network.,,,Existing workbook,Context,,0,https://canalrivertrust.org.uk/canals-and-rivers/rochdale-canal
PL-BASE-006,Portico Library,arts,,1806,Salford,Literary; women's voices. Space where women's writing and lectures took place.,Elizabeth Gaskell; Lydia Becker,,Existing workbook,Context,,2,https://www.theportico.org.uk/our-history
PL-BASE-007,Market St,trade,,1820,Manchester,Development of retail spaces catering to the growing urban population.,,,Existing workbook,Context,,0,"https://en.wikipedia.org/wiki/Market_Street,_Manchester"
PL-BASE-008,Manchester Art Gallery,arts,,1824,Manchester,Women in arts; cultural reform. Hosted works by and about women; supported female artists.,Elizabeth Gaskell; suffrage artists,,Existing workbook,Context,,2,https://manchesterartgallery.org/about/
PL-BASE-009,Liverpool and Manchester Railway station,trade,,1830,Manchester,Transport; women's movement. Enabled national suffrage-movement coordination from Manchester.,Eva Gore-Booth; suffragists,,Existing workbook,Context,,2,https://www.scienceandindustrymuseum.org.uk/objects-and-stories/liverpool-road-station
PL-BASE-010,Salford Workhouse,civic,,1841,Salford,Poverty; health reform. Highlighted harsh conditions women reformers tried to change.,Florence Nightingale (visited),,Existing workbook,Context,,1,https://www.workhouses.org.uk/Salford/
PL-BASE-011,London Road Station (Piccadilly),trade,,1842,Manchester,Labour; mobility. Enabled travel to meetings and union hubs; vital for women activists.,Caroline Martyn; Esther Roper,,Existing workbook,Context,,2,https://en.wikipedia.org/wiki/Manchester_Piccadilly_station
PL-BASE-012,Victoria Station,trade,,1844,Manchester,Leisure; collective action. Hosted outdoor festivals and gatherings for working women.,Women's Cooperative Guild gatherings,,Existing workbook,Context,,1,https://historicengland.org.uk/listing/the-list/list-entry/1254725
PL-BASE-013,Peel Park,civic,,1846,Manchester,One of the first public parks in the UK; funded by public subscription.,,,Existing workbook,Context,,0,https://www.salford.gov.uk/parks-and-open-spaces/salford-parks/peel-park/
PL-BASE-014,Phillips Park,civic,,1846,Manchester,,,,Existing workbook,Context,,0,https://www.parksandgardens.org/places/philips-park-manchester
PL-BASE-015,Queens Park,civic,,1846,Manchester,,,,Existing workbook,Context,,0,https://historicengland.org.uk/listing/the-list/list-entry/1001523
PL-BASE-016,Bank of England (King Street),trade,,1846,Manchester,Designed by Charles Cockerell; served as the Bank's Manchester branch.,,,Existing workbook,Context,,0,"https://en.wikipedia.org/wiki/Former_Bank_of_England,_Manchester"
PL-BASE-017,Cathedral,civic,,1847,Manchester,,,,Existing workbook,Context,,0,https://www.manchestercathedral.org/history/
PL-BASE-018,St. John's Cathedral,civic,,1848,Manchester,Also known as Salford Cathedral; significant religious site reflecting the city's diverse community.,,,Existing workbook,Context,,0,https://salfordcathedral.co.uk/history/
PL-BASE-019,Elizabeth Gaskell's House (84 Plymouth Grove),arts,,1850,Manchester,"Literary; women's voices. Salon space for writers, social reformers and women thinkers.",Elizabeth Gaskell,,Existing workbook,Context,,2,https://elizabethgaskellhouse.co.uk/
PL-BASE-020,Salford Museum and Art Gallery,arts,,1850,Manchester,Housed in Lark Hill Mansion; became the UK's first free public library and later a museum and art gallery.,,,Existing workbook,Context,,1,https://salfordmuseum.com/
PL-BASE-021,Owen's College (precursor to University of Manchester),nat,,1851,Manchester,One of the earliest institutions to open higher education to women in Manchester. Birthplace of the University of Manchester; hosted radical lectures.,William Crawford Williamson,,Existing workbook,Context,,1,https://www.manchester.ac.uk/about/history-heritage/history/victoria/
PL-BASE-022,Free Trade Hall,reform,,1853,Manchester,Protest; suffrage; reform. Hosted major speeches including suffrage and labour activism.,Mary Fildes; Lydia Becker; Eva Gore-Booth,,Existing workbook,Context,,5,https://historicengland.org.uk/education/schools-resources/educational-images/free-trade-hall-peter-street-manchester-greater-manchester-ioe01-12423-08
PL-BASE-023,S&J Watts Warehouse (now Britannia Hotel),trade,,1856,Manchester,Built as a textile warehouse; now operates as the Britannia Manchester Hotel.,S&J Watts,,Existing workbook,Context,,1,https://historicengland.org.uk/images-books/photos/item/IOE01/04073/32
PL-BASE-024,Weaste Cemetery,civic,,1857,Manchester,Final resting place of notable figures like Joseph and Martha Brotherton.,Joseph Brotherton; Martha Brotherton,,Existing workbook,Context,,2,https://historicengland.org.uk/listing/the-list/list-entry/1001566
PL-BASE-025,Police Courts & Assizes (Strangeways),civic,,1868,Manchester,Legal rights; suffrage. Sites of legal debate around women's public roles.,Esther Roper; Lydia Becker,,Existing workbook,Context,,2,https://historicengland.org.uk/images-books/photos/collection/ACM01
PL-BASE-026,Strangeways Prison,civic,,1868,Manchester,"Central prison complex tied to the Victorian justice system, including women's imprisonment.",,,Existing workbook,Context,,0,https://www.heritagegateway.org.uk/Gateway/Results_Single.aspx?resourceID=19191&uid=1118911
PL-BASE-027,Co-operative Wholesale Society (CWS) Stores,reform,,1869,Manchester,Six-storey warehouse built on Balloon Street; central to the co-operative movement.,,,Existing workbook,Context,,0,https://historicengland.org.uk/listing/the-list/list-entry/1357544
PL-BASE-028,Co-operative Wholesale Society Building,reform,,1877,Manchester,Economic rights; mutual aid. Showcased early women-led cooperative efforts tied to working-class reform.,Women's Cooperative Guild members,,Existing workbook,Context,,1,https://historicengland.org.uk/listing/the-list/list-entry/1357544
PL-BASE-029,Manchester Town Hall,civic,,1877,Manchester,"Civic inclusion; suffrage. Used for public lectures, suffrage meetings and civic ceremonies. Example of Victorian Gothic architecture.",Lydia Becker; Margaret Ashton; Joseph Heron,,Existing workbook,Context,,7,https://www.manchester.gov.uk/the-council-and-democracy/town-hall-complex/town-hall/the-building
PL-BASE-030,Deaf and Dumb Institute (Grosvenor Street),civic,,1878,Manchester,Provided education for deaf children; significant social institution.,Hugh Hornby Birley,,Existing workbook,Context,,1,https://historicengland.org.uk/listing/the-list/list-entry/1200839
PL-BASE-031,Lewis's,trade,,1880,Manchester,,,,Existing workbook,Context,,0,https://historicengland.org.uk/listing/the-list/list-entry/1391992
PL-BASE-032,Whitworth Art Gallery,arts,,1889,Manchester,Founded from a bequest; promoted public access to art and education.,Joseph Whitworth; Mary Louisa Whitworth,,Existing workbook,Context,,2,https://www.whitworth.manchester.ac.uk/about/history/
PL-BASE-033,Castlefield Viaduct,trade,,1892,Manchester,Disused railway viaduct; played a key role in Manchester's industrial heritage.,,,Existing workbook,Context,,0,https://www.nationaltrust.org.uk/visit/cheshire-greater-manchester/castlefield-viaduct
PL-BASE-034,Manchester Ship Canal,trade,,1894,Manchester,Opened by Queen Victoria; transformed Manchester into an inland port.,Daniel Adamson,,Existing workbook,Context,,2,https://www.historic-uk.com/HistoryMagazine/DestinationsUK/The-Manchester-Ship-Canal/
PL-BASE-035,Port of Manchester,trade,,1894,Manchester,Established following the opening of the Manchester Ship Canal.,,,Existing workbook,Context,,0,https://www.historic-uk.com/HistoryMagazine/DestinationsUK/The-Manchester-Ship-Canal/
PL-BASE-036,Thirlmere viaduct,trade,,1895,Manchester,,,,Existing workbook,Context,,0,https://en.wikipedia.org/wiki/Thirlmere_Aqueduct
PL-BASE-037,John Rylands Library,civic,,1899,Manchester,Funded by Enriqueta Rylands in memory of her husband; a rare example of female-led civic philanthropy.,Enriqueta Augustina Rylands; John Rylands; Alice Cooke,,Existing workbook,Context,,3,https://historicengland.org.uk/listing/the-list/list-entry/1217800
PL-BASE-038,"Hotels (e.g., Midland Hotel)",trade,,1903,Manchester,Built by the Midland Railway; example of Edwardian Baroque architecture.,,,Existing workbook,Context,,0,https://historicengland.org.uk/listing/the-list/list-entry/1271154
PL-BASE-039,Salford Lads Club,civic,,1903,Manchester,Youth club known for its cultural significance; associated with The Smiths.,James Groves; William Groves,,Existing workbook,Context,,2,https://historicengland.org.uk/listing/the-list/list-entry/1390580
PL-BASE-040,Lloyds Bank (King Street),trade,,1915,Manchester,Grand Baroque banking hall completed in Portland stone.,,,Existing workbook,Context,,0,https://library.chethams.com/blog/charles-henry-heathcote-designing-victorian-and-edwardian-manchester/
PL-BASE-041,Chetham's College,civic,,1421 (buildings); 1653 (school),Manchester,Oldest surviving buildings in Manchester; now houses Chetham's School of Music.,Robert Rose,,Existing workbook,Context,,1,https://chethamsschoolofmusic.com/about/chethams-history/
PL-BASE-042,Manchester Cathedral,civic,,1421 (rebuilt 1847),Manchester,Religion; social ethics. Reflected tensions between Anglicans and nonconformist women leaders.,Bishop James Fraser,,Existing workbook,Context,,1,https://www.manchestercathedral.org/history/
PL-BASE-043,Manchester Grammar School,civic,,1515 (rebuilt 1870),Manchester,Historically male institution; part of broader education debates.,,,Existing workbook,Context,,0,https://www.mgs.org/209/history
PL-BASE-044,Chetham's Library,civic,,1653 (library est.),Manchester,Education; literacy. Hub for radical and literary activity; supported women's access.,Karl Marx; Engels; Lydia Becker,,Existing workbook,Context,,3,https://library.chethams.com/
PL-BASE-045,"Factories (e.g., Cotton Mills)",trade,,1780s onwards,Manchester,"Manchester's first cotton mill was built in the early 1780s; by 1830, 99 cotton-spinning mills existed.",,,Existing workbook,Context,,0,https://historicengland.org.uk/images-books/publications/ancoats/
PL-BASE-046,Ashton Canal,trade,,1796-1797,Manchester,Connected Manchester to Ashton-under-Lyne; vital for coal and cotton transport.,,,Existing workbook,Context,,0,https://historicengland.org.uk/listing/the-list/list-entry/1197831
PL-BASE-047,Royal Exchange,trade,,1809 (rebuilt 1874); 1867 (rebuilt),Manchester,Industry; gendered labour. Symbol of commercial power and the male-dominated cotton trade; centre for the cotton trade.,Eva Gore-Booth (linked via textile workers),,Existing workbook,Context,Multiple rebuild dates in original sheet - verify,1,https://historicengland.org.uk/listing/the-list/list-entry/1200826
PL-BASE-048,Athenaeum (Princess Street),civic,,1837-1839,Manchester,"Venue for literary, scientific and political debate among gentlemen merchants.",Sarah Parker Remond,,Existing workbook,Context,,1,https://en.wikipedia.org/wiki/Manchester_Athenaeum
PL-BASE-049,The Pankhurst Centre (building: Nelson St.),suff,,"1840s (house), museum later",Manchester,Birthplace of the suffragette movement; home of Emmeline Pankhurst.,Emmeline Pankhurst,,Existing workbook,Context,,1,https://www.pankhurstcentre.org.uk/
PL-BASE-050,Manchester Library,civic,,1852 (Ref Lib),Manchester,Literacy; research access. Enabled middle-class and working women to pursue self-education.,Lydia Becker; Esther Roper,,Existing workbook,Context,,2,https://www.manchester.gov.uk/centrallibrary
PL-BASE-051,The Hulme Hall Settlement,suff,,1890s,Manchester,Social settlement linked to women's reform work and university extension courses.,,,Existing workbook,Context,,0,"https://en.wikipedia.org/wiki/Hulme_Hall,_Manchester"
PL-BASE-052,Refuge Assurance Building,trade,,1891-1932,Manchester,Now the Kimpton Clocktower Hotel; notable for its clock tower and ornate design. Constructed in segments.,,,Existing workbook,Context,"Merged Offices (e.g., Refuge Assurance Building) and Refuge Assurance Building rows",0,https://historicengland.org.uk/images-books/photos/item/BL21901/010
PL-BASE-053,Manchester Stock Exchange (Norfolk Street),trade,,1904-1906,Manchester,Built in Edwardian Baroque style; now a Grade II listed hotel.,,,Existing workbook,Context,,0,https://historicengland.org.uk/listing/the-list/list-entry/1271383
PL-BASE-054,Victoria Baths,civic,,1906 (slightly post-Victorian),Manchester,Important for women's health and hygiene access; symbol of civic pride.,,,Existing workbook,Context,,0,https://historicengland.org.uk/listing/the-list/list-entry/1200808
PL-BASE-055,"Shops (e.g., Market Street)",trade,,19th century,Manchester,Development of retail spaces catering to the growing urban population.,,,Existing workbook,Context,,0,"https://en.wikipedia.org/wiki/Market_Street,_Manchester"
PL-BASE-056,"Warehouses (e.g., Castlefield area)",trade,,19th century,Salford,Numerous warehouses built to support Manchester's booming trade and industry.,,,Existing workbook,Context,,0,https://historicengland.org.uk/listing/the-list/list-entry/1208653
PL-BASE-057,Piccadilly Basin,trade,,Early 19th century,Manchester,Key canal-basin area; central to Manchester's industrial transport network.,,,Existing workbook,Context,,0,https://democracy.manchester.gov.uk/Data/Executive/20160601/Agenda/11_Piccadilly_Basin.pdf
PL-BASE-058,River Medlock,nat,,N/A,Manchester,Natural river running through Manchester and contributing to its industrial development.,,,Existing workbook,Context,,0,https://historicengland.org.uk/listing/the-list/list-entry/1283003
PL-BASE-059,Cross Street Chapel,reform,,Rebuilt 1869,Manchester,"Religion; equality; reform. Unitarian hub advocating women's education, abolition and suffrage.",Elizabeth Gaskell; Unitarian women,,Existing workbook,Context,,2,https://cross-street-chapel.org.uk/a-brief-history-of-cross-street-chapel/
PL-BASE-060,Ancoats Dispensary,civic,,Rebuilt 1874,Manchester,Health equity. Focal point of grassroots women-led public-health initiatives.,Eva Gore-Booth; working-class women's care,,Existing workbook,Context,,2,https://historicengland.org.uk/listing/the-list/list-entry/1283019
PL-BASE-061,Manchester Royal Infirmary / Manchester Infirmary (Piccadilly),civic,Medical institution,1752; rebuilt 1828,Manchester,Founded by Charles White; later a focus of health reform and care for poor and working-class women.,Richard Lane; J. Arnout,,Existing workbook,Context,Merged two likely duplicate place rows from original sheet,2,https://en.wikipedia.org/wiki/Manchester_Royal_Infirmary
PL-BASE-062,St. Peter's Field (now St. Peter's Square),reform,,1819,Manchester,Site of the Peterloo Massacre; the female reformers' contingent assembled here.,Mary Fildes,,Existing workbook,Context,,2,https://en.wikipedia.org/wiki/Peterloo_Massacre
PL-GUARDIAN,Manchester Guardian HQ,press,,,,,,,Workshop candidate - verify,High,,12,
PL-ARTTREASURES,"Art Treasures Exhibition, Old Trafford",arts,,,,,,,Workshop candidate - verify,High,,1,
